<appaction uniquename="mwo__PowerFX!b0ee57d9a37442409bc8c5a87402fbfb!mwo_Demo!mwo_demo!0">
  <appmoduleid>
    <uniquename>mwo_Demo</uniquename>
  </appmoduleid>
  <buttonlabeltext default="PowerFX">
    <label description="PowerFX" languagecode="1033" />
  </buttonlabeltext>
  <context>1</context>
  <contextentity>
    <logicalname>mwo_demo</logicalname>
  </contextentity>
  <contextvalue>mwo_demo</contextvalue>
  <hidden>0</hidden>
  <iscustomizable>1</iscustomizable>
  <isdisabled>0</isdisabled>
  <isgrouptitlehidden>0</isgrouptitlehidden>
  <location>0</location>
  <name>PowerFX!b0ee57d9a37442409bc8c5a87402fbfb</name>
  <onclickeventformulacomponentlibraryid>
    <name>mwo_demodefaultcommandlibrary_95a10</name>
  </onclickeventformulacomponentlibraryid>
  <onclickeventformulacomponentname>2db43271ccee4a1ca82f0874ad81effa</onclickeventformulacomponentname>
  <onclickeventformulafunctionname>OnSelect</onclickeventformulafunctionname>
  <onclickeventtype>1</onclickeventtype>
  <origin>0</origin>
  <sequence>100100019.5000000000</sequence>
  <statecode>0</statecode>
  <statuscode>1</statuscode>
  <type>0</type>
  <visibilitytype>0</visibilitytype>
</appaction>